AAAGCCCGCAAT,1261,53,0,1407,3907
AAACGAGGCGCN,792,10,0,818,2970
AAACGCGGAATT,7114,391,0,8279,20736
AAAGCATTTCGA,1308,87,0,1587,4425
AAACTGGCGAAC,5895,378,0,6982,20117
AAAACGTCAGGC,317,32,0,399,996
AAACCTGCTTTT,3883,281,0,4751,10395
AAACTTAGCTCA,4195,198,0,4731,13193
AAAACCGGGCAT,2705,111,0,3039,7490
AAAGAGATCTCN,275,9,0,294,1031
AAAGCCTGGCGA,444,36,0,530,1604
AAACTGGCGAAC,5895,378,0,6982,20117
AAACCTGCTTTT,3883,281,0,4751,10395
AAACTTAGCTCA,4195,198,0,4731,13193
AAAGCCCGCAAT,1261,53,0,1407,3907
AAAGCATTTCGA,1308,87,0,1587,4425
AAACGAGGCGCN,792,10,0,818,2970
AAACGCGGAATT,7114,391,0,8279,20736
AACGTAGTGTTG,319,16,0,369,991
AAAGAGATCTCN,,,,,1031
AAAGTGAAGAGA,627,27,0,711,2379
AACACGACAAAG,4364,329,0,5303,15309
AAAGTTCTTTCN,1580,85,0,1796,4490
AAGTATTAGCTT,163,11,0,199,486
AAGGGCGCTACC,255,25,0,318,914
AAAACGTCAGGC,317,32,0,399,996
AAAACCGGGCAT,,,,,7490
AAAGGCTAAATC,419,16,0,459,1192
AAAGCTCAGGCC,1026,95,0,1289,3787
AACGTCTAAGGN,726,56,0,891,2221
AACTCCGTGAAT,8152,526,0,9568,21374
ACGAGAAGAGTT,312,17,0,371,1021
ACGGGCTTAGTT,692,56,0,872,2062
AAGACAGTGGTC,383,28,0,479,1432
AAGACCATGGTT,301,17,0,350,916
ACGAGAACCTAG,346,17,0,402,1000
ACGACTAGACTA,1507,44,0,1625,4289
AATCAAATTATG,2354,160,0,2782,7911
AACATGCACGAG,1221,79,0,1453,4159
AATACAGTCTGC,65,5,0,76,195
AATTAAACGGAG,1243,92,0,1500,4780
AACGGTTCCTCT,4631,314,0,5440,13013
AATTTCGATCAT,1061,53,0,1188,3409
AACTTCGTAAGG,639,35,0,748,1852
AATACCTTCAAC,265,25,0,329,979
AACTGGATCTGT,641,43,0,760,1996
AATTTGCACTTG,36,2,0,40,126
AATTCTGTGAGT,54,6,0,75,196
AATCAGGAACAA,1926,153,0,2343,6572
ACAACAGACACN,274,16,0,323,974
AATATTGTCTCA,1266,70,0,1477,4526
AATAAGCTATTA,1263,78,0,1485,4616
AAGACTGCCGGN,441,23,0,511,1407
AATTTTTCCTCT,237,21,0,291,700
AACGCAAAAGTC,415,36,0,522,1425
AATTAGCGCTCC,38,0,0,38,124
AATGGGCCGAAG,1263,104,0,1528,4476
AACGCGAGCCGN,2374,139,0,2840,7878
AACTCGCTTCTA,3113,229,0,3737,9268
AAGACTCCAATA,7259,555,0,8812,21477
AAGTTCGATCGG,577,36,0,681,1939
AAGTGTTGCGGA,1019,40,0,1153,3024
ACAGATTCTGGA,1837,131,0,2157,6324
AATCCGCCAGAC,441,13,0,479,1209
AATATGTCTCGG,58,1,0,61,198
AATAGCTCAGAC,125,4,0,133,405
AATCCTTCGGCA,3744,357,0,4823,11935
AAGCTTTCTCCG,1999,98,0,2231,5619
AAGCGCAGGGTC,577,31,0,653,1937
AAGAGCTGCTAG,4062,328,0,5015,13467
ACAATCTGTGAG,191,16,0,230,573
ACTTCGTCCAAA,30,3,0,38,125
ACTGGTTCAACN,3400,270,0,4097,10251
ACTACGATCCTT,364,12,0,402,999
ACTACTGGCCAT,1636,90,0,1887,5080
ACATCGGAATAG,209,12,0,242,710
ACATCCGTGGCC,92,9,0,123,343
AAGGCGCTACCT,409,27,0,480,1415
AAGGCGTCTACT,879,39,0,973,2235
AAGGTACGCAAN,3335,252,0,4081,10448
AAGTACAGCAAG,516,26,0,581,1603
AATGGCCATTTC,772,65,0,960,2630
AATCGACAGCTT,11594,464,0,12866,33423
AGAACAACTCTC,279,6,0,293,712
AGAAACGAAGGT,4792,243,0,5443,15620
ACTTGGTCTTCN,746,37,0,854,2241
ACCTCGACGGGT,32,3,0,38,127
ACCTAGGTTCAT,6846,562,0,8301,21041
ACTAGTGGCCCC,573,45,0,692,1863
ACTCCCTGCGAG,473,36,0,569,1446
ACCCTGGTACCA,14,0,0,14,34
ACCCTTAATGCC,798,42,0,913,2226
ACTTCGTCGCGG,7875,640,0,9666,24369
ACTAAGGGCTGG,271,13,0,304,1223
ACTCTGTATGGC,3718,265,0,4379,11578
ACGTTGGCTCAT,3014,245,0,3675,10377
ACTACAGTCCCC,284,20,0,342,1032
ACAATGTACGGT,467,31,0,548,1565
ACTAATCTCCCA,1312,87,0,1563,4305
ACACAAGCCCAG,361,22,0,432,1240
ACACGGCAGCGT,602,49,0,752,2493
ACATCGTTGTCA,1265,109,0,1559,3914
ACATGGATATTG,1902,102,0,2162,6450
ACCGACATGCCN,595,46,0,740,2064
ACCGAACGTCGA,692,29,0,766,1943
ACCGCATGCGTG,276,11,0,302,914
ACCGAGTGACTN,928,68,0,1125,3147
ACCCTCCACAAA,212,12,0,237,707
ACCCTAACAAAA,189,7,0,203,570
AGAAGCCCACTA,250,24,0,315,911
AGCCAGGGGAGN,875,71,0,1094,3481
AGCTCACAACCT,1521,77,0,1768,5086
AGACCCCTCAAG,299,34,0,391,998
AGACGCAAGTCT,754,29,0,829,2378
ACATTGCGAAGN,30,3,0,40,127
ACCACTTCGAAG,312,26,0,403,996
AGTAGAAGCACT,279,15,0,318,966
ACCCGCACGAGC,815,54,0,947,3047
ACCCGAACTCTG,499,51,0,653,2004
AGCAGACGCGTG,247,20,0,309,911
AGCAAGGTATAC,280,31,0,359,998
AGATGGGCCCAA,2814,176,0,3273,9760
ACGTCGGCAGAA,254,13,0,288,983
ACGTAGGGTGGN,1008,47,0,1145,3926
AGTAGCTTTCAC,420,27,0,494,1297
AGTATTGCAGCG,3344,266,0,4103,11680
AGCCAAAGCTAA,61,4,0,71,226
AGGAGCACCAGC,37,0,0,37,127
AGTCGGTGTAGA,4666,301,0,5527,13991
AGCCTGCCGGAG,3536,283,0,4361,12604
AGGCCCCATGAG,1452,112,0,1766,5279
AGACGGTTCGCT,816,76,0,1038,2781
AGAGCCAAATAT,307,14,0,342,963
AGCTAGCTCGCC,1105,64,0,1260,3902
AGTAAGTATCTG,6416,340,0,7310,19920
AGGCTATGAATG,1282,81,0,1499,3877
AGGCGGGCGGTA,1584,96,0,1844,5402
AGGTGAACCCCG,3190,195,0,3738,9465
AGGTGATAAGAA,3028,162,0,3472,8820
AGCCTCGGAACT,322,15,0,358,997
AGTAATCACGAN,7197,472,0,8568,22622
AGCCCGATGCAT,272,17,0,313,973
AGCCTTACTCAT,639,55,0,802,2016
AGCCTTTTAAAA,1199,139,0,1559,3648
AGGTTTAAGGCT,428,34,0,534,1212
AGTCCCTCGACG,1157,80,0,1420,3797
AGCCAAACTGGT,278,12,0,316,915
AGCATTTATCAC,302,28,0,371,1001
AGGAGTCACCGC,612,53,0,756,2102
AGTTACGCCGTC,209,7,0,228,703
AGTCGCACGTTA,763,28,0,830,2730
AGTGTGAGGAGT,10792,757,0,12957,30510
AGGGCCGCAACA,888,60,0,1040,3091
AGGCCAGGTCAG,277,32,0,355,975
AGTACCCGAGAN,1971,103,0,2237,5289
AGGTGTTATGCC,273,20,0,320,967
AGGTGGTTGCCC,1355,86,0,1607,4360
AGGTTCCGCGGT,830,34,0,930,2516
AGGTCCTTGCTC,43,4,0,52,157
AGGTAGCCCCCN,1771,109,0,2077,5224
AGACCCCGAGTN,2558,134,0,2916,7596
AGAAGTCGTCTT,8931,576,0,10586,28219
AGCCCGGCACGN,2045,92,0,2298,6397
AGTCTGTGATCT,1052,86,0,1315,3433
AGTCTGGCATGC,5457,411,0,6618,16805
AGTTTGGAGGTN,28,2,0,33,127
AGTTCGATGAGC,639,48,0,785,2228
ATAAGCAGGCTA,254,15,0,286,971
AGTGGATGCTTA,1515,68,0,1692,4342
AGTGGCGCTCAC,3351,209,0,3882,12353
ATAACTAGACAA,2961,223,0,3561,9140
ATAATGGCTCAN,860,70,0,1058,2994
ATACAAAATACN,7858,478,0,9122,21389
ATACCGGAAACT,964,53,0,1120,2751
AGTCGGTTTTTA,920,46,0,1030,2380
AGTTTTACACAN,696,38,0,831,2287
AGAGTTTCTACT,469,18,0,521,1208
AGCACAATGTCN,6267,394,0,7313,20413
AGGACTCTAAGN,380,18,0,428,1215
AGCCAGTTTAGN,3444,282,0,4206,11402
ACCATCCCTCCA,35,1,0,37,78
ACCAGTCGCAAT,279,18,0,330,806
AGCTATAGCTTA,40,1,0,42,128
ATAATGGCACGC,642,54,0,793,2217
ACCGTCCAATTG,1351,100,0,1616,4429
ACCGGCGTTCAC,2664,161,0,3217,8991
ACGTTCTTCGGG,19,0,0,19,55
ACGTCGTATACN,264,15,0,307,926
ACGGTCTTGGCG,739,60,0,947,2878
ACGGTCCGCATG,3909,286,0,4724,12888
AGAACGACGGTA,836,46,0,980,2995
ATCGAAGGACAG,333,9,0,356,964
ATGAGATATTGA,167,17,0,215,486
ATCGAAGTGAGG,1735,135,0,2089,5868
ATGACTCATCAN,24,1,0,26,92
ATCTACGCATGT,1062,65,0,1222,3322
ATACCTAGAAGG,636,44,0,742,2047
ATCATCCCAGGC,1058,64,0,1239,3395
AGATAGGGTCAA,2917,235,0,3560,9687
ACGAACCGGATT,1648,105,0,1915,5726
ATCGTCAACCCA,312,21,0,374,996
ATCGCAAGCGTG,939,58,0,1095,2745
ATCAAGTAAACG,88,5,0,99,284
ATATTTCGCGCT,2466,202,0,2994,8619
AAGTACCTCCGC,285,34,0,376,1001
AAGTATCTGGGN,41,8,0,68,178
ATGTCGCATAGC,30,3,0,40,126
CAAGGCTAAGAA,2627,202,0,3168,10250
AAGTCACTCCTC,283,13,0,327,814
AAGTCGGGTGCN,1683,87,0,1924,4819
CAAAGATTGATC,35,2,0,41,125
ATGACCTATTTC,28,2,0,33,92
ATTGCTGCCGCG,2074,102,0,2340,6373
ATTAGTCGGACN,536,13,0,564,1624
ATCTCCGTGCCN,4285,255,0,5018,12357
ATTACCCACTAT,716,47,0,862,2015
ATCCGAAAAGCT,59,3,0,68,226
ATTCTGGATTTA,2390,142,0,2786,6705
ACACGGGCTATA,57,8,0,78,203
ATCATATGAGCG,299,24,0,383,1000
ATTGAATGCTGC,281,9,0,309,962
ATTGCAACTAGC,874,58,0,1036,2389
ATACTTTGCAAA,665,85,0,910,1995
CAAGGAACGAAT,1266,85,0,1477,4037
CAAGCCTAGATC,6230,534,0,7719,19708
ATGGTCAGGATG,1787,101,0,2059,5553
ATCCGGTAACTG,428,14,0,458,1768
ATGCTGCTTAGT,43,2,0,48,127
ATAGTAAGTATN,1075,73,0,1273,3285
ATATACTCTATA,1232,106,0,1525,4151
ATGCTTCGCAAC,4558,239,0,5200,13341
CAAGGTGCCTGA,220,10,0,246,993
ATCCAGAAGCCA,3711,208,0,4275,11260
CAAACGCCGTTN,796,39,0,935,2646
ATTTGTGACGTT,1066,43,0,1178,3039
CAAGTCTCGAGA,1331,63,0,1513,4867
ATTGGAGGTACG,604,25,0,676,1563
ATTGGATAGTAT,83,5,0,95,225
CAAGGTCGTATT,281,15,0,318,974
ATTAACCATTTG,1113,47,0,1257,2762
ATGACATTGAAN,265,29,0,333,820
ATGACATCTGAA,1559,104,0,1808,4672
ATCGTTTATCAA,5400,468,0,6578,14559
CAAGAAATCTTT,543,48,0,672,1949
CAATCTGTCTAA,225,14,0,272,572
ATTGGCTCGAGA,295,15,0,336,977
ATCTAAGAAGCA,1495,59,0,1704,4135
ATTTCATCAGTC,20,3,0,30,64
ATTTCGGGAGCN,883,39,0,994,2522
ATCATAGGACTG,3935,232,0,4638,11712
ATGCGGTTAGTA,2457,88,0,2719,5931
ATGCGCCTTGTA,618,46,0,744,1992
ATTTCAGGAATG,182,7,0,201,511
CACGGCGGAGTC,624,33,0,713,2057
CAATGGTACTGG,2591,185,0,3098,10678
ATCTCAAGATTT,1460,105,0,1794,4291
ATCTATGCGAGT,1761,79,0,1991,4775
CAAATTTAATTG,134,7,0,152,410
CAACCGGCAATA,165,6,0,181,490
CAACCTCTCCAC,624,48,0,750,2001
ATCGATAGGATN,1829,80,0,2033,5696
ATCTCTCTTGAN,478,16,0,528,1220
CACGAATCGAGA,2003,196,0,2591,6985
ATGCCAGTCCAC,693,38,0,797,1999
ATGATCATCTGN,3776,261,0,4495,11588
ATATCTGTGTGG,1470,99,0,1718,4469
CACAAATCAAGA,1228,78,0,1427,3826
ATCCACTTGGAG,230,23,0,287,910
CAAGCACACCAA,212,23,0,276,705
ATGTCTCGCATC,652,52,0,788,2007
CACAACTCTCAC,833,47,0,968,2793
CACAGTGTATGT,3256,182,0,3735,9572
ATTCAACCGTCG,35,2,0,39,125
ATTCCGAAAGTA,282,13,0,310,970
CAATCGCCCTCC,946,58,0,1114,2931
CAATCTCGTATC,700,48,0,835,2167
ATGTCTAGAAAG,650,36,0,751,1875
ATTGGGGTATCC,609,26,0,670,2096
CAAGCACAGACC,921,25,0,986,3197
ATTGTCTTTGGC,3822,140,0,4196,10523
CACCAACGGACA,317,21,0,375,914
CACCATTCGGTT,5831,406,0,6924,15973
CAAATGTGGACC,293,27,0,362,990
CACATTGAACGA,163,19,0,211,493
CAACGTATCCTT,16150,1026,0,19009,46175
CACTCAAGCTCG,1289,103,0,1595,3928
CACGGGACAGTN,768,94,0,1010,2721
ATCGTCACCAGN,47,3,0,54,167
CACCGGATCATN,299,17,0,343,988
CACGAAACTAGA,361,41,0,487,1059
ATCATAGTAGCN,7612,368,0,8555,20985
ATTCTCCCGATA,362,16,0,395,1077
CACTTCGAAGCC,1021,78,0,1239,3030
CACTGGCTTCCG,1987,137,0,2334,5584
ATTCTATCCGGT,229,17,0,278,752
ATTCGATCGGCT,2681,226,0,3250,8532
CAGACTCAGAGT,914,48,0,1034,3000
CAGCATAATAGT,824,62,0,982,2510
CAGCACCTGGGA,2384,88,0,2633,5823
CAGACGGCCTGG,63,4,0,73,203
CACTTTTCGGCN,301,8,0,321,969
CACTTCGGTGGC,3289,317,0,4280,10356
CAGATGTAGAAC,145,9,0,166,487
CACTTTGTTACT,1808,132,0,2210,4776
CAGCTAGATTGN,3203,250,0,3881,8921
CATTGGCATCTN,1013,80,0,1238,3264
CATGTCTCAGTT,1685,87,0,1889,4808
CAGAGGATAGGT,670,48,0,795,2819
CAGTCGAGCCGG,161,23,0,231,574
CAGTTATTAAGN,1921,89,0,2157,5037
CATACAACTGAC,784,52,0,925,2470
CATACGGGAATT,1475,30,0,1556,4351
CCCAATGTACTA,880,18,0,938,2909
CCAGTGCAGTTT,714,35,0,812,2914
CATACTTTTAAA,1544,91,0,1817,4800
CAGGTGCGTAGC,642,30,0,727,2190
CAGGCGGCATGG,2230,146,0,2636,7727
CCACATCGCACA,446,19,0,487,1608
CATCCGAACGCA,339,19,0,401,1000
CATCCCAACATG,4274,202,0,4834,12583
CCCACCAATTAN,8,0,0,8,34
CATTGGTGCCTC,281,22,0,344,976
CATTGTAATGTC,1259,68,0,1434,3633
CCAGATAGACAA,172,6,0,189,488
CCGTGTGGTCCG,277,28,0,352,1006
CCCTGGGCGCAA,1266,66,0,1454,4145
CATGGGGCGTGA,1213,82,0,1483,4425
CCGCAAATTATA,420,21,0,473,1410
CCCCTTAACAGA,34,2,0,39,126
CGAAGGTGTAGG,218,5,0,229,799
CCAGTAAGTAAA,1702,51,0,1824,5257
CCGTATGTTGCC,5129,313,0,5955,14742
CCCCCGTTCTGG,78,1,0,80,231
CCCAACGCCCGN,340,34,0,443,1311
CCGACTAGTCGC,1460,95,0,1691,4550
CGATGAATAATA,608,44,0,721,1927
CCAGCAGTTCAG,647,41,0,750,1995
CATCGATTTGCG,956,74,0,1169,2670
CCATTATTGGAC,3422,213,0,4007,10322
CCGCAGATGGTC,224,14,0,256,976
CCGCAGCCGCCT,830,80,0,1052,2957
CCCATCTTTATG,1024,63,0,1205,2468
CGACAACGAGCC,3278,186,0,3772,9656
CCGCAGGAAGGC,31,0,0,31,125
CCCTGTTCGTCG,464,32,0,556,1414
CATCTACTCACG,627,51,0,762,1931
CCCATCGACTGC,8023,616,0,9720,27418
CATCTCTTTATT,712,49,0,839,1938
CCGGCCTTGGTG,54,4,0,66,177
CCGCCTTAAGAN,1461,82,0,1737,4569
CCAGAAATAAAC,599,45,0,723,1977
CCACGAAAGCTT,1097,55,0,1255,3345
CCCTTCGCGGCC,1267,118,0,1606,4546
CCCCCTCACTGT,969,73,0,1159,3179
CGAGTAAGCTGT,1271,87,0,1487,4306
CCCTTACGGTGG,1238,80,0,1434,3291
CCGACCGTGTTG,1270,99,0,1525,4306
CCTAGCTAATAG,776,37,0,874,2396
CCGTATCTTCAG,1701,153,0,2078,5023
CCGCTGAGCGAC,155,14,0,190,489
CCGCCTTAGGGC,2282,133,0,2633,7295
CCACCTGTGCAG,182,12,0,210,578
CATCGAACGACG,13440,949,0,16079,44386
CCGCTTTGTCCT,190,5,0,201,497
CGCCGCCGGGCT,765,76,0,1011,3023
CGAGACCGGAGN,162,9,0,191,573
CCCCCCATTCTA,2367,123,0,2686,7619
CATCCTAAGCTA,1554,118,0,1887,4423
CATCGCCACCTG,1057,70,0,1246,3061
CATGATTTGGAA,1817,138,0,2230,5937
CATGTATAAGAA,561,26,0,634,1854
CCGTGATCTTCT,15,0,0,15,55
CCGCAACAACAA,2062,191,0,2591,6813
CCCACTGGCACG,708,58,0,910,2247
CCGAGTCCGACA,6088,465,0,7387,19154
CCTTTCAGCCTA,9791,300,0,10574,23613
CCTCAAATGACA,608,42,0,719,1998
CCTCAGATGTCG,1776,75,0,1967,5685
CGATCTTAAGAA,41,3,0,50,125
CGATAACGTGTG,877,58,0,1033,3228
CGCCTGCGACTA,1612,68,0,1789,4368
CGCCTGCTAATC,4576,331,0,5552,14409
CCTAGAGTCAAG,76,7,0,94,292
CCTAGAAACATC,163,19,0,220,490
CCCCAAGTCAAT,386,31,0,461,1315
CGAGGACCACGC,13,1,0,15,57
CGAGGGTGGCTG,45,1,0,47,179
CGAGTACTTAAA,943,73,0,1140,2984
CCCTATACACAC,1928,122,0,2262,5773
CCCTCTTTATGN,188,11,0,219,492
CCTGCATACTCA,246,12,0,275,813
CCTCGTTACCTN,1166,70,0,1330,3290
CGCCATACGGCG,1702,125,0,2020,6184
CGCAGATAAGGN,1932,75,0,2159,6325
CGAGTTAACTTN,942,71,0,1165,2628
CGAGTGCATTTN,6225,347,0,7141,18773
CCTCCCTTTACC,1121,109,0,1469,3447
CCTCATGACGTT,992,29,0,1068,2390
CGCAAGATAGGG,295,3,0,301,994
CGCAAGCGAGAC,6385,311,0,7233,22044
CCCACGCTTTAA,826,20,0,877,2668
CCCACAGTTGCT,1722,136,0,2079,5725
CGTCCTGTAGTC,1089,74,0,1334,3219
CGGTGGGTCACT,85,8,0,104,294
CGGATACTGTGG,1357,80,0,1562,3830
CGGTTGGAAAGT,1872,158,0,2252,5201
CGCGCATCTGCA,620,15,0,656,2526
CGTGAACTTTAC,36,1,0,42,129
CGTGAAGACCAG,342,12,0,376,1019
CGGGACTATCCC,834,37,0,947,2217
CGGGAGCCTCGC,3952,287,0,4819,13226
CGCGCGTAACAG,689,28,0,767,1999
CGCTTAAGTGCA,913,48,0,1075,2531
CTAACCAAAGGT,126,13,0,152,409
CTAGAACCATAC,1751,119,0,2091,5572
CTACCGGCTGAG,282,7,0,297,991
CGGTTTGGCTTC,1204,102,0,1472,4281
CGTAGTTAGTAA,536,7,0,569,1562
CGTAGCTTACAT,983,89,0,1220,3290
CGTCTGGCGATC,437,8,0,464,1214
CGTTGGCCTCCT,3101,178,0,3674,9391
CGGATCGATGAT,1747,129,0,2095,5966
CGTGTTCTAAAC,7844,699,0,9746,28606
CGTCATCCACTC,681,39,0,788,2019
CGTGTTACTTTG,918,37,0,1008,2652
CTAAGATAAATA,2884,170,0,3363,8319
CTCTCATAGACT,8413,582,0,10019,22938
CTAATTGGTGCC,6782,414,0,7840,20206
CTAGGTGCCAAG,922,46,0,1070,3131
CGGCATCTGAGG,753,54,0,942,2626
CTACGAGCGGAC,1141,81,0,1353,3950
CGTCTGAATGGN,756,47,0,882,2219
CGTCACTTGGCC,881,70,0,1089,2984
CTCGTTTTTTAA,130,118,0,491,5971
CTGACGTATACG,273,26,0,344,1009
CGGCTTAACTGC,1179,64,0,1333,3036
CGGCTTCTTCGG,274,20,0,322,973
CGTTCACTGCAG,1474,73,0,1714,4345
CTAATCATTGAG,3203,213,0,3778,9010
CGGCGGGGCCGA,38,4,0,47,128
CTATTCTTCTCG,178,20,0,253,570
CTATTACGCCCC,3332,212,0,3878,9546
CTACAACATGGG,50,0,0,50,179
CGTAAAACGTGC,763,89,0,1006,2907
CTAGCACCCTCC,456,29,0,541,1561
CGTGAACACGTC,659,32,0,743,2482
CGTCGCAGTTCN,2094,181,0,2575,6842
CTACCGTTACCT,312,39,0,417,993
CTAAGCCGTATN,2702,209,0,3269,7699
CGATTCAACGTN,984,41,0,1118,2917
CGATTGATCCCG,2014,127,0,2336,5938
CGCTTTCGTCGA,5600,485,0,6940,19192
CTCGGACCGCAG,1813,160,0,2263,7109
CGGGGTGAAGGT,28,5,0,47,126
CGGTCTCAGGAT,1443,83,0,1646,5242
CGTGGCTGAGGA,949,125,0,1359,3475
CGTGTCCATCAN,5417,327,0,6331,14313
CTATCGCAGTAA,599,33,0,713,2043
CTTCCGATAAAC,449,19,0,514,1191
CTCTTGCTAGGT,882,46,0,1014,2730
CTCATACGACAG,681,39,0,795,2063
CTCACCTCTAAA,4978,298,0,5783,14720
CTGGCCATTCTC,3401,238,0,4197,11097
CTCGAGAGGCGC,351,32,0,451,1219
CTCCTCAAATCA,9059,511,0,10524,24649
CTGGCTGATTAG,319,23,0,377,971
CGCTTCAATCAA,807,61,0,974,2906
CTGGGCATGGAA,675,79,0,882,2238
CTATCACGTGAT,666,22,0,729,1801
CTAGTTAGATAN,58,9,0,87,180
CTAGTTGCCTGC,1331,115,0,1646,4296
CTCAAGCGCGGC,1775,147,0,2190,6395
CTGCCGCAGGGT,1723,127,0,2015,4785
CTGATACCTCTA,1067,43,0,1187,2613
CTGGGCGTTTCC,7166,529,0,8613,21606
CTGATTGTCACG,34,1,0,37,126
CTGAGGGCAGTA,146,21,0,191,490
CTGAGCCCGACA,619,49,0,751,2123
CTGATACCTGGA,416,30,0,494,1416
CTGATTATAACG,1566,113,0,1866,4290
CTCTAATCTGGA,1108,56,0,1280,3441
CTCTGACCAGTC,170,18,0,229,574
CTCTGTCGCCGG,570,26,0,634,2308
CTGCTGTACTTC,456,31,0,581,1346
CTGGAGCTTCCT,2676,205,0,3244,7186
CTGAATTAGCTT,3271,173,0,3770,8713
CGGGTGCCTGTG,1538,68,0,1705,6411
CTGTGACGGATT,11288,804,0,13547,35145
CTGACATAGGGC,309,29,0,402,1021
CTGGCGCGCAAA,41,3,0,48,126
CTGTTGGTTGTN,2793,197,0,3337,8917
CTCTACCGGTTC,14229,1228,0,17658,39133
CTCCAAATATAN,107,8,0,125,290
CTCATTCCTAGG,828,54,0,988,2730
CTGATTGGGCCG,641,46,0,751,2066
CTTCGAGCCGGG,278,11,0,307,973
CTGTTCCCCAGA,177,13,0,225,492
CTGTTGCAGCGC,707,51,0,846,2384
CTTGCCCCCTAA,58,5,0,68,177
CTCCGATCAAGT,3584,145,0,3987,8653
CTCCACTACGTT,3972,320,0,4866,11269
CTTGATTAGCTG,5958,542,0,7356,17457
CTTAAAAGTCCT,172,16,0,216,486
CTTCAACAGGTT,2665,122,0,2999,7140
CTGTGCAGGATG,49,3,0,55,196
CTGTGGAGCTAA,804,54,0,942,2716
CTTGAGCCGTCN,197,15,0,251,705
CTTCTCCTTGTA,4978,261,0,5623,11612
CTTGGACGCGCG,1392,70,0,1560,5007
CTTGGATTTGCG,3319,299,0,4187,11572
CTTCACCCCTGG,641,38,0,748,1990
CTTGGACAGTTN,3211,281,0,3982,9579
CTTGCGTAAATG,5238,270,0,5994,15476
GAAACCGGCAAG,279,32,0,375,999
CTTGTTAAGGGG,3435,173,0,3930,11143
GAACCATCCCGA,1327,41,0,1420,3567
CTAGCAGAGGGC,225,11,0,265,807
CTGACAGTGTAG,285,22,0,346,979
GACAGGCTCTGC,1055,100,0,1354,3793
CTTGGGGATTCG,979,50,0,1102,2470
CTTGTCGTTAAN,2250,148,0,2672,7215
CTTTCATCGTAA,6531,497,0,7925,18545
CTTTACGGGTTG,1247,75,0,1488,3381
CTTTTTCCGAAT,625,42,0,741,1942
CTTTGCTTAGCC,829,42,0,950,2385
CTTTGGACGAAT,7189,534,0,8615,21718
GAAACTCACCAA,324,5,0,335,973
CTTTTCATTGAC,344,21,0,423,1229
CTTTTCTAACTT,100,2,0,104,292
GAATACGGAAAN,38,3,0,45,126
GACCACCACTTG,4648,323,0,5557,14247
GACAACAATATA,68,4,0,76,228
GAACAGGAGTCT,270,25,0,336,1000
GAAGGACGGGAA,3763,218,0,4318,11796
GACATTAGGATT,37,2,0,41,126
GAGGTAGCGTGG,538,38,0,628,1791
GAGCGTAGACGT,168,8,0,189,488
GAAGGTCCCGTT,51,5,0,63,185
GAACGCTTCTAG,6889,567,0,8562,20306
GAAGCCCATGCG,59,3,0,70,202
GAATAGAGTAGA,234,9,0,267,927
GAATCGTGAAAG,3146,102,0,3405,9402
GAACTTCGCTGA,3808,361,0,4789,11202
GATAATCCGTGT,945,66,0,1102,2887
GAATGATATACC,909,47,0,1101,2619
GAATGTGATCTA,1660,127,0,2010,5148
GACATTCCGAAA,440,25,0,499,1294
GAAATTAGACTC,771,22,0,824,2047
GACCCAAACTTT,3664,343,0,4634,12678
GAAGTAGTGATC,2119,114,0,2476,6565
GACCCTGCGGGA,1753,60,0,1931,6206
GAAGGTGAAGGC,1143,131,0,1492,4197
GAGAGCCCCAGG,29,3,0,41,124
GAGGGAACGTAA,1104,76,0,1327,3398
GAGCTCTACGTA,779,58,0,919,2481
GATCCCACTCTA,364,42,0,468,1243
GATAGCTTTTTA,1367,36,0,1455,4140
GACGCAGACAAA,1716,131,0,2029,6121
GACTTAAGGGAA,2307,114,0,2625,7015
GACCCAGCAGCC,599,39,0,729,1860
GAGATTATAAGA,71,5,0,82,230
GAGATTAATGCT,599,46,0,716,1935
GAGCAGACGCTA,1354,54,0,1516,4129
GACTTGATGCAG,2147,147,0,2549,6270
GACGCGGTTAGG,295,22,0,355,984
GAGGATATCTCN,641,39,0,745,1997
GAGCTAAAGAAN,42,1,0,44,127
GCATGTTTTAGA,7263,357,0,8287,20434
GAGCGGGGCTAT,45,1,0,47,178
GAGCTAGCAGAT,2857,201,0,3371,8929
GAGTCGGATGTC,403,18,0,446,1080
GAGTATGCGTAC,176,16,0,230,572
GATAAGCCAAAT,798,57,0,962,2518
GATTAGAAAGAT,30,1,0,33,128
GATTCCTTGTAG,2322,187,0,2796,7133
GATCAGACGTAG,758,28,0,821,2519
GATTGAATACTA,3452,203,0,4009,10448
GATACGCACTTN,2802,168,0,3278,8703
GATAGACGTCAT,57,4,0,65,178
GATAGCAGGCTN,268,17,0,325,1010
GATAAGTTTCTG,1244,103,0,1529,4508
GAGTGTTGAAGT,61,9,0,88,228
GATCGGGCAATT,1967,176,0,2407,6626
GCATGCCCATAA,1079,61,0,1249,3310
GATCGCATGTCG,308,10,0,331,971
GATACTATCCAC,1191,81,0,1483,3943
GATACTGTGGGA,1737,90,0,1967,6321
GCACACCGGCTN,1424,97,0,1687,4945
GATTGATGCCGC,794,49,0,939,2514
GCAATTACCGGA,4753,207,0,5354,15161
GATTCGAAGGCN,2772,99,0,3008,8672
GATGCCAGGGTC,52,5,0,64,225
GATGCTACACAC,769,45,0,884,2352
GCACGCAGCGAG,492,34,0,588,2271
GCACGCCTGGAG,282,28,0,378,996
GACTGGGCTACA,377,20,0,425,1305
GCAGGCTAGAAG,60,5,0,78,224
GCAGCCTTAGTT,702,28,0,781,2015
GATGTTGTTATN,3513,193,0,4068,10179
GATGGCTTCTAN,4457,300,0,5258,12787
GCCAATGTATGT,499,45,0,632,2006
GCATTCGCCCTT,3497,323,0,4483,10279
GCCAGGTATGGA,9682,579,0,11310,29544
GCAGTCTGACGN,457,49,0,587,1868
GCATCTTTAGCC,1652,65,0,1827,4576
GATTCGGAAGGC,834,40,0,947,2543
GCACTCATAAAG,2712,145,0,3137,9120
GCCCGCGGCGAG,1360,64,0,1517,5078
GCCATTTGGTCC,976,77,0,1166,3484
GCCATCGGACCG,1047,40,0,1157,3868
GCACGTGTTATA,6785,383,0,7871,21159
GCCCATGACTCC,290,15,0,327,979
GCCCAGTACAGC,4842,365,0,5928,16876
GCCCGCCTCCCN,1050,72,0,1269,3303
GCCCCTACAGTT,35,0,0,35,127
GACAGAGGTTTT,6470,410,0,7549,21387
GCGAAAGTTGTA,897,54,0,1045,2911
GCCTTAATCAAA,360,13,0,401,921
GCCGATACCCCC,1960,152,0,2372,6763
GCCTGCTCGAAT,5,1,0,10,20
GCCCTCCACGCT,673,40,0,779,1998
GCCCTCGCTCCA,2959,182,0,3421,8893
GCCGTCGTCTTN,742,43,0,866,2065
GCCTCGCTCGCC,1141,75,0,1335,3799
GCCGCGTAACTT,1764,182,0,2232,5754
GCGCACGAACGG,7364,411,0,8535,21564
GCGACTAAACAA,1583,109,0,1927,4516
GCGACTTTTGTG,1894,190,0,2419,5960
GCGAGTCGCCTG,532,47,0,656,2072
GCCTCTGAAATT,966,56,0,1122,2481
GCCTGAAAGTCC,5686,353,0,6658,17368
GCGTCACATCCG,1156,85,0,1377,3922
GCCTCCACAATT,3329,203,0,3860,9809
GCTATGCCGAGT,810,64,0,994,3054
GCTATGAGATAA,298,21,0,352,977
GCTATCGCCTTT,1476,100,0,1728,4322
GCTCCAATGACA,677,36,0,782,1988
GCTCACGTATAA,594,32,0,701,1935
GCGAAGCCTCCA,601,30,0,670,1942
GCGACACAGGGT,1133,77,0,1326,3914
GCTGTTGGTTGA,717,53,0,838,2279
GCTGTGCAGCAG,867,34,0,951,2837
GCTTGGGCAGGG,1750,143,0,2165,6091
GCTTGAATGGCN,807,85,0,1030,2774
GCTCTCGTGATT,599,46,0,730,1874
GCTCCCTAGCGA,2808,231,0,3405,9126
GCTAATCCGCCG,1491,75,0,1689,5169
GCTAGGGGTAAT,277,19,0,327,982
GCTAATTGGTTT,293,23,0,361,977
GCTCGGCTCCTG,1038,109,0,1350,4228
GCGGTTAATCGN,494,40,0,600,1402
GCGATCGCTAGT,994,80,0,1215,3049
GGAACTCGCCGN,2706,142,0,3045,8411
GCTTAACTTTGC,1319,103,0,1599,4148
GCGTATGACTTC,1819,203,0,2331,6521
GCTTACACCTTT,457,14,0,496,1121
GGAACCGAAACC,32,5,0,49,125
GCTGCTAACGAC,118,17,0,161,415
GGACTGCGGCTN,1501,118,0,1846,5423
GCTTAATATATT,659,34,0,741,2206
GCTTGATAAAAA,2206,139,0,2574,6307
GGACACCGAGCC,642,34,0,726,2001
GGAAGGTACATC,2928,225,0,3498,9880
GCTTTTTTAAGC,165,115,0,506,10545
GCTTTTTTGTTC,1587,70,0,1785,4189
GGCAAAACGTCC,583,49,0,710,2052
GGCGCTAGCTGT,2812,180,0,3259,9056
GGCACTGAGGGN,895,58,0,1058,3114
GGCGATCCGGCG,768,66,0,964,3010
GGCCAATCGGCG,362,12,0,391,1207
GGCCGCCTAAAG,743,62,0,912,3038
GGCCACATGCAN,269,32,0,356,993
GGACGCCCCTGT,3823,252,0,4514,11840
GGACTACTGACT,4708,271,0,5416,14830
GGCGGCGCTTAN,242,18,0,294,973
GGCTAGCTCCCN,8299,682,0,10125,28890
GGCTTTGCCCGT,3417,201,0,3985,11383
GGATAAGTTGGA,1378,101,0,1674,5300
GGGAGGATTAGG,2854,180,0,3339,9590
GGTGAGTGGGAN,1027,55,0,1165,3301
GGGCCACGTCTG,963,80,0,1174,3250
GGATGTACGGAC,316,11,0,349,1213
GGATGGTATAGA,1466,89,0,1724,4422
GGGTGGCCAAGG,1183,35,0,1276,3136
GGCGACTCTAAC,973,78,0,1185,3310
GGCAACTCCTGC,4769,354,0,5726,17923
GGCAGAATTTTG,249,13,0,298,904
GGCGCGTCAGAG,731,30,0,803,2621
GGGCGACTTCGA,656,50,0,794,2055
GGCTTCTTGCAG,665,68,0,874,2218
GGGTCTGACACT,2568,44,0,2701,6513
GGCTAGAGCCTC,273,31,0,359,913
GGGGCCCCATAG,577,36,0,673,1998
GGTAAGTCCAGC,31,2,0,36,125
GGTACTGTTGTN,209,10,0,234,700
GGTAGGCGGTTT,3365,235,0,4024,9738
GGTAGGACTCAT,5613,348,0,6558,18580
GGTACTTGCGAN,857,82,0,1077,2774
GGTTACGCTACC,68,2,0,73,225
GGTGGAGCTTTG,1811,123,0,2132,5362
GGTCATGCCGAN,183,7,0,199,683
GGTCTAGAAACT,848,46,0,968,2464
GGGCTAAAATCA,1027,73,0,1207,4760
GGGAGGACATCG,625,34,0,728,1943
GGTGTCCGTCAC,395,8,0,418,1123
GTAAATCACGTT,924,70,0,1139,3312
GGTTTGGCCGCG,65,6,0,78,232
GTAACCATCACT,334,16,0,373,908
GGGTTCGACCTG,619,35,0,709,1935
GTAAGAATTTCA,1168,88,0,1405,3459
GTAGAGTATACG,546,35,0,631,2000
GGTCAATCGAAC,815,57,0,963,3067
GGTCACACGATT,1460,66,0,1654,4114
GGTCTCTAAACT,165,14,0,204,493
GGTAGCCACTGC,1657,96,0,1899,6607
GGTATAGTTCCC,42,3,0,50,127
GGTATGAAATCG,2018,109,0,2322,6272
GGATGCCTCAGA,38,3,0,45,125
GGTCTTCGGATN,6135,451,0,7434,19307
GTACGTTCGGAC,279,16,0,318,1006
GTAGCCAAATCN,46,3,0,58,196
GGTCTGTCCAAA,62,1,0,71,227
GGTCTGGCTAGC,61,7,0,76,232
GGTTTTACCACG,252,27,0,314,978
GTAAAATATACA,403,27,0,466,1433
GTAAAGTACTAN,2589,196,0,3133,8471
GGTGCCGCGAGA,502,33,0,596,1857
GGTGATACGGCT,1542,64,0,1706,4254
GTATGAAAAGCN,2063,104,0,2327,6328
GTCCAAATGTCG,1765,161,0,2274,6615
GTATTAAGCGAN,32,2,0,36,127
GTACACGCGGAT,33,3,0,41,125
GTACACTGGGCG,1330,111,0,1633,5294
GTCAACTCAGAN,511,37,0,616,1939
GTCTCTACTTCN,489,46,0,615,1282
GTACCCGGTAGG,557,46,0,714,1801
GTAATTAAAGGT,305,10,0,332,702
GTAGCGGATACG,1292,86,0,1540,4321
GTCCACGGCTCC,1798,150,0,2245,6376
GTAGGCTTAGTG,31,6,0,58,128
GTAGTGGGAAAC,296,22,0,355,979
GTCCAGGGCTTG,712,76,0,933,2604
GTATAACGCCAG,950,94,0,1243,3090
GTCACTATCTAN,277,24,0,344,915
GTCATTTCGGAG,177,9,0,209,577
GGTTCGTGGCTN,4192,301,0,4973,13376
GTGACAGTCAAG,647,47,0,769,1937
GGCCATGGTTGC,278,17,0,328,979
GGCCAGCCGAAA,440,26,0,513,1416
GTCGGTAAGAAA,5345,335,0,6275,15707
GTCCTTAAAATT,2318,174,0,2824,6432
GTCCTTAAGAAN,233,9,0,256,800
GTCCCGAGAAGG,1464,87,0,1713,4490
GTCCCTAAAAGC,2916,211,0,3458,8651
GTGGCGCACGAT,56,4,0,74,199
GTGCCCGAAGTN,174,7,0,198,574
GTGAGGATGAGA,420,33,0,511,1288
GTCGGAGGATGN,172,14,0,209,573
GTGGTCACTCGN,63,6,0,80,204
GTCGCTGATTGC,325,23,0,386,973
GTCGATCTTCGA,35,1,0,37,126
GTCGAACGCCTC,36,2,0,42,126
GTCGGAAGCTCA,203,17,0,245,706
GTCGCTGTGGAT,4621,350,0,5562,13581
GTGGTCTCTCGG,3505,233,0,4242,11441
GTCTGCACACCA,921,59,0,1072,2990
GTCTGCGGAAAC,1132,84,0,1367,3610
GTGCGGATATCT,1078,71,0,1309,3329
GTCTGGCTAGGT,3311,283,0,4085,11563
GTGTCGATAAAN,1645,100,0,1905,4904
GTCTAATTCACA,4447,325,0,5378,14648
GTCTCCGTCAGC,38,1,0,40,126
GTCGTGGAAAGN,1726,106,0,2031,5587
GTTGGTGCTCCN,68,5,0,81,227
GTCTCTCCTTCN,390,29,0,462,1083
GTGAGGAACTCG,447,29,0,529,1872
GTGCGCTCTTAT,1032,54,0,1156,2932
GTGCTTCGCGGT,300,33,0,418,1238
TAAATAATAATC,643,47,0,802,1755
TAAGAATTAAGA,315,10,0,336,1068
GTGGGAAGTATT,33,2,0,39,91
GTGGCGCTTAAC,715,50,0,865,2229
GTTGGACTTCTA,6891,380,0,8047,20859
TAAGAGCGGTAG,1601,170,0,2051,5767
GTTTTGCTTCTC,8,1,0,10,20
GTTCGCGTTCGT,55,5,0,65,176
GTTATCGTAGGT,1587,98,0,1846,4755
GTTGCCTTACTT,35,0,0,35,126
GTTTCAGTATTN,540,36,0,648,1397
GTGTGAACGTCN,265,20,0,324,934
GTTAATGTAGGT,572,35,0,677,1924
GTTGATACAGTG,344,17,0,394,1125
GTTGTGAAAGAG,5821,341,0,6744,20091
GTTGCCGTCCCG,960,59,0,1127,3138
TAAGAGCCTTAG,32,6,0,49,127
GTTTAACACAGG,858,32,0,944,2239
TAACCCTCAGAT,424,34,0,513,1406
GTTTTGAGCTTC,218,21,0,275,707
GTTTTACTCCCN,2149,129,0,2502,5793
GTTGGGTGAGAC,3208,211,0,3817,9939
TAACCTTTTACC,198,13,0,229,575
GTTCGTCAAGGT,3673,202,0,4199,10639
TAACCCAGTCTT,11222,665,0,12971,28994
TACCGTATGGAG,323,26,0,394,998
TACTTGGCACGT,1592,55,0,1736,3943
GTTTGTACAAGA,324,34,0,423,1032
GTTTCGGGACTA,939,50,0,1093,2997
TAATTGGAATCT,30,4,0,42,126
TAATGAATGCAA,993,114,0,1327,3406
TAAGGCGTGTCT,891,42,0,1000,2639
TACACACAACGC,325,30,0,397,1033
TACATAGCGGAA,1281,103,0,1544,4480
TACACTTATCCA,1001,65,0,1170,2955
TAATACAGCTCG,690,54,0,825,2386
TACACCAGGGAT,14,0,0,14,34
TAATCCTCTTTC,383,23,0,451,993
TACAGATACACA,25,2,0,29,93
TACAGAAACGCT,673,36,0,778,1998
TACTTTGGACCN,117,11,0,146,371
TAGAAACGCTTG,3200,207,0,3789,9343
TATAAAACTTTC,40,4,0,51,126
TACAGTTAAGAG,1927,125,0,2251,6589
TACGTAGCTGTG,16,2,0,20,57
TACTCCATCAGT,705,55,0,846,2064
TAGAAATCGGTC,34,4,0,42,126
TATGGGATGTAT,458,13,0,499,1446
TACAAGTCGGGC,634,38,0,744,2385
TAGACTACAGTA,304,25,0,401,995
TAGCAGACTCCN,91,7,0,106,297
TACCTGAAAACA,926,71,0,1104,2899
TACGAACGGGCA,424,22,0,491,1402
TACCGAAGGGAT,1697,91,0,1966,4876
TATGGGCAGAGT,1174,82,0,1375,4116
TAGCCACTTGAA,606,54,0,757,1885
TAGCGGTGTACT,8,0,0,8,36
TATACCCTATAA,637,30,0,735,1735
TATAGGGGTCAG,280,21,0,332,1138
TAGGAGGAGGCN,736,34,0,816,2477
TATGCGTAAAAG,79,6,0,92,227
TAGCGGTTAAAC,1186,91,0,1434,2954
TATGAGCTGGAC,2967,192,0,3537,9648
TAGGGGTTATGC,186,14,0,220,583
TAGGTGGGAGGA,160,20,0,217,492
TAGTTGCGCGTA,5188,364,0,6217,16612
TATGAATTGCCG,297,23,0,349,1008
TATCGTGTCTTT,616,57,0,766,1862
TATCATGCATAN,796,62,0,951,2524
TATCCGATGCGA,1608,115,0,1933,6440
TATGCTAAAGAA,61,8,0,83,203
TCAACCTCGCAC,1434,56,0,1571,3667
TATGTGTGAGTG,595,38,0,713,1807
TATGTTGTGCCN,431,25,0,508,1215
TATTGTACCCTA,641,45,0,778,1990
TCATTCCGAGTA,1195,45,0,1312,3445
TCCATCATCGAN,902,37,0,1010,3142
TATTCCGTATGN,134,5,0,145,374
TCCCATGCGCTC,98,21,0,152,620
TCACACGCCCTC,849,87,0,1079,3060
TCACCGACGGAC,1744,97,0,2011,6010
TATGTTGGTTAG,109,10,0,136,406
TCACACCGCCCA,935,53,0,1096,2710
TAGGCATTCGAC,891,56,0,1047,2505
TATTCGACCAAG,460,43,0,598,1621
TCCAACCATGGC,18,0,0,18,35
TCCAAACGCTTT,54,2,0,58,127
TATGTTTTTTCN,1395,39,0,1486,3190
TCACTCACCATC,1190,76,0,1409,4091
TCATTGACGGTT,1535,72,0,1717,4225
TCAAGGAGCTAT,2273,184,0,2764,7037
TCATGGCCAGGA,191,11,0,218,589
TCATAATCCCTA,1442,94,0,1660,4145
TCCGAATTGTAT,4508,327,0,5447,12969
TCCACGATTATA,998,58,0,1152,2968
TCGAACAATGGT,2486,126,0,2837,6805
TCGGCCACGTTC,126,9,0,160,413
TCCTGCCATTGA,1940,84,0,2158,4985
TCATTGACGTTN,8506,588,0,10024,23558
TCCCACTAAGCC,4336,307,0,5150,14472
TCCCAAAAATAC,1260,114,0,1645,4109
TCGATCATCTAC,613,39,0,723,324160
TCGCAACGGGAC,226,12,0,260,942
TCCTTCGTTGAC,38,2,0,48,125
TCGACGGCGCAG,73,1,0,75,196
TCGGATTTGGGT,50,2,0,54,129
TCGGCCTCGACG,2492,191,0,3016,7709
TCGTAGACACTT,54,3,0,61,194
TCGTCGCTACTC,89,4,0,102,225
TCGGTGTGACGN,1391,105,0,1656,4307
TCGTAAGGGCTT,1842,141,0,2217,6243
TCGCTACAGTGG,795,80,0,1010,2544
TCGCTAGGAATC,582,49,0,736,1872
TCCTATCTAGGT,175,12,0,209,579
TCCTGAAAAGGC,4262,386,0,5387,12918
TCGAGAGACTAC,56,1,0,58,198
TCGATACCCCTC,1014,70,0,1209,2885
TCTCCGGCTCAA,2476,199,0,2969,8495
TCTAACATCTCT,3611,221,0,4316,11034
TGATAAAGTCGG,47,2,0,51,169
TCCGCGCAGTAA,2037,132,0,2423,7445
TCCGAGAGTGCG,6633,590,0,8318,26574
TCCGCGGAGGCC,568,40,0,682,1882
TCCTAGCAAGGT,2416,200,0,2961,8231
TCTCAAGCCAGN,298,24,0,369,1131
TGAACCAGAGCG,365,40,0,490,1406
TCTGACCTTTTC,1558,42,0,1678,4549
TCGTCGGCTGTT,93,9,0,116,251
TCTTATAGTGAT,857,44,0,987,2940
TGACGGGACCAN,3365,193,0,3891,10744
TGAGAACGCTAA,3308,260,0,4022,11125
TCTTTAACGATN,276,16,0,318,839
TCTTATTAATTC,310,26,0,372,919
TCTCTGAATCGA,364,22,0,415,1083
TCTGACATAGGT,742,36,0,852,2240
TCTTTGCCGCAA,806,61,0,1026,2518
TGAAGGCGCTTT,439,29,0,509,1223
TGAACTATCGGA,623,31,0,710,1933
TGAAGGATCGTA,301,17,0,346,997
TCTGTTCGAGAA,674,60,0,829,2083
TCTTACTTTGAN,1007,61,0,1193,3056
TGATAATGGAGC,272,24,0,336,975
TGATGGGACGTT,895,34,0,986,2538
TGATAACCTCGC,1396,83,0,1616,4429
TGCATGCCCTCT,1018,64,0,1181,2516
TGACATAGCCTT,1283,112,0,1591,4081
TGCTCGAGGTCG,1783,64,0,1956,5242
TGGCTAGAACCC,927,69,0,1169,2783
TGCTGGTACTAT,2597,164,0,2991,8044
TGGCACGTGAAC,752,53,0,890,2574
TGGTTTTAGAAT,4860,272,0,5612,14115
TGTCGTTAGAGC,324,24,0,380,978
TGCATGCAAATC,4578,218,0,5151,13142
TGATTTCTGTTT,7361,481,0,8637,19624
TGATTATCTCAA,287,18,0,335,980
TGATTGTGTTGA,938,45,0,1044,2435
TGCATGCCAGGA,4367,341,0,5271,14160
TCTCAATATCGC,636,41,0,763,2067
TGCTACTTGTTA,1211,82,0,1424,3448
TGCCCCTCTACA,641,48,0,778,1954
TGCCTCTTAGCA,4986,376,0,5946,16011
TGGTTTCGCACG,387,42,0,488,1404
TGTACCAAACGC,338,29,0,418,1002
TGTAGAATATCG,358,32,0,460,1218
TGGCTGTTCCGA,1914,113,0,2196,5251
TGGCGACGTGTC,572,49,0,719,1765
TGGCCAGACTGA,1160,80,0,1388,3765
TGCAAGCCGCGA,16,1,0,18,55
TGCAAGAGGATN,3107,214,0,3705,10256
TGGACACGGTCT,13,0,0,13,55
TGGAGAAGCCTC,922,59,0,1099,3009
TGTCCACTGACC,646,44,0,773,2016
TGTGAAGATAAG,145,12,0,171,489
TTAAAGGTAGCA,552,34,0,650,1941
TTCTCGCTTCGA,2162,155,0,2621,6643
TTCTCCGACTGT,5488,387,0,6537,15157
TTTAATCGTGGA,1222,105,0,1515,4404
TGTTCACCTTTG,13,0,0,13,55
TGTTCAGCAACT,1944,84,0,2156,5592
TTACCCGCTTAN,498,41,0,602,1444
TTAATGCAAATT,775,56,0,953,2205
TTAAGAACGCAG,2744,219,0,3329,7785
TGTGTCATTAAG,33,0,0,33,89
TGTTAATCTCTG,578,31,0,655,1743
TTAATGAACGCA,2461,162,0,2922,8385
TTCATTTTTACC,1309,86,0,1569,3844
TTATTGTTACGA,695,23,0,745,2000
TTCGCTCCCTCC,4483,234,0,5197,12616
TTGTACTATGTT,65,6,0,82,195
TTCGTAGTATGG,4247,301,0,5048,11487
TTAGCCTCTGGN,194,7,0,210,577
TTAGAGTCCTCC,886,46,0,1000,2563
TTCAAGGTGAAC,565,41,0,662,2483
TTAGGGAACCCG,37,2,0,43,126
TTAGCGAGTCTG,4445,180,0,4928,12797
TTATATGCCTGG,2809,152,0,3236,8857
TGACATCTAAGC,636,40,0,738,1939
TGAATAGTTAGG,1019,57,0,1156,3133
TTCGAGATGCCT,65,6,0,81,181
TTATCCATTATA,739,50,0,873,2223
TTCCAGCGAGGT,33,2,0,38,93
TTACGATAGATC,637,44,0,752,1945
TTCATTTACCGG,1838,121,0,2176,5237
TTCCCTGTCCAC,57,6,0,70,179
TTTCTTCTGCTG,1388,87,0,1667,3901
TTCCTTAGCGGT,108,8,0,125,377
TTGACGCCGTTC,443,18,0,497,1420
TTGCAGCATGGT,1092,92,0,1355,2900
TTCGCAAGGGCA,1546,87,0,1776,5040
TTGTGTTTCGAG,145,6,0,165,407
TTTACTAGTTTG,68,3,0,74,233
TTGGAATATCCC,306,26,0,375,997
TTGTGACGATAA,35,4,0,47,128
TTGGTGCCGTAA,3043,183,0,3524,8172
TTGTGGCTCCTC,1898,105,0,2172,4195
TTGCGGGCGGCC,1372,148,0,1815,4162
TTGCTGCCTTAN,2105,122,0,2440,5371
TTCCCCCACAGG,784,56,0,934,2606
TTTACCTTGTAT,1077,55,0,1237,2731
TTTAGACGAATG,1580,125,0,1896,4680
TTGCCATCGCAA,1381,87,0,1636,4444
TTGCGCCTAAGA,316,16,0,366,1025
TTGGCGAGGGTG,627,34,0,738,1961
TTTTTAGCCGCC,3265,204,0,3852,9587
TTTTTTTAAGCA,308,209,0,905,12832
TTTATGGTCTGN,63,5,0,79,204
TTTATCCCAAGG,219,24,0,288,581
TTTGAACCCCAG,2226,153,0,2645,5745
TTTGAGGACAAG,568,51,0,716,1984
TTGTCGTTCCCC,463,30,0,558,1233
TTTTTTTGGTGT,198,7,0,212,491
TTTCACTTCGCN,375,32,0,455,1011
